INSERT INTO Artists VALUES (-788427401, 'Gorillaz', DATE '2021-11-02');

INSERT INTO Artists VALUES (1594693923, 'Bootie Brown', DATE '2021-11-02');

INSERT INTO Artists VALUES (448971390, 'De La Soul', DATE '2021-11-02');

INSERT INTO Artists VALUES (-1907067409, 'MF Doom', DATE '2021-11-02');

INSERT INTO Artists VALUES (-1210783884, 'Roots Manuva', DATE '2021-11-02');

INSERT INTO Artists VALUES (399537614, 'Shaun Ryder', DATE '2021-11-02');

INSERT INTO Albums VALUES (-1544683733, 'Demon Days', -788427401, 'Rock', DATE '2005-05-23');

INSERT INTO Artist_Lists VALUES (122688504, -788427401, TRUE);

INSERT INTO Songs VALUES (122688504, 'Intro', 122688504, 67, 'Rock', -1544683733, DATE '2005-05-23');

INSERT INTO Artist_Lists VALUES (1725833919, -788427401, TRUE);

INSERT INTO Songs VALUES (1725833919, 'Last Living Souls', 1725833919, 195, 'Rock', -1544683733, DATE '2005-05-23');

INSERT INTO Artist_Lists VALUES (871379142, -788427401, TRUE);

INSERT INTO Songs VALUES (871379142, 'Kids with Guns', 871379142, 225, 'Rock', -1544683733, DATE '2005-05-23');

INSERT INTO Artist_Lists VALUES (1236084048, -788427401, TRUE);

INSERT INTO Songs VALUES (1236084048, 'O Green World', 1236084048, 275, 'Rock', -1544683733, DATE '2005-05-23');

INSERT INTO Artist_Lists VALUES (2107385534, -788427401, TRUE);

INSERT INTO Artist_Lists VALUES (2107385534, 1594693923, FALSE);

INSERT INTO Songs VALUES (2107385534, 'Dirty Harry', 2107385534, 230, 'Rock', -1544683733, DATE '2005-05-23');

INSERT INTO Artist_Lists VALUES (-1795553919, -788427401, TRUE);

INSERT INTO Artist_Lists VALUES (-1795553919, 448971390, FALSE);

INSERT INTO Songs VALUES (-1795553919, 'Feel Good Inc', -1795553919, 222, 'Rock', -1544683733, DATE '2005-05-23');

INSERT INTO Artist_Lists VALUES (1542560028, -788427401, TRUE);

INSERT INTO Songs VALUES (1542560028, 'El Mañana', 1542560028, 230, 'Rock', -1544683733, DATE '2005-05-23');

INSERT INTO Artist_Lists VALUES (31224970, -788427401, TRUE);

INSERT INTO Songs VALUES (31224970, 'Every Planet We Reach Is Dead', 31224970, 295, 'Rock', -1544683733, DATE '2005-05-23');

INSERT INTO Artist_Lists VALUES (-910853436, -788427401, TRUE);

INSERT INTO Artist_Lists VALUES (-910853436, -1907067409, FALSE);

INSERT INTO Songs VALUES (-910853436, 'November Has Come', -910853436, 165, 'Rock', -1544683733, DATE '2005-05-23');

INSERT INTO Artist_Lists VALUES (1009260680, -788427401, TRUE);

INSERT INTO Artist_Lists VALUES (1009260680, -1210783884, FALSE);

INSERT INTO Songs VALUES (1009260680, 'All Alone', 1009260680, 213, 'Rock', -1544683733, DATE '2005-05-23');

INSERT INTO Artist_Lists VALUES (-26969077, -788427401, TRUE);

INSERT INTO Songs VALUES (-26969077, 'White Light', -26969077, 133, 'Rock', -1544683733, DATE '2005-05-23');

INSERT INTO Artist_Lists VALUES (-726451140, -788427401, TRUE);

INSERT INTO Artist_Lists VALUES (-726451140, 399537614, FALSE);

INSERT INTO Songs VALUES (-726451140, 'Dare', -726451140, 245, 'Rock', -1544683733, DATE '2005-05-23');

INSERT INTO Artist_Lists VALUES (2017254397, -788427401, TRUE);

INSERT INTO Songs VALUES (2017254397, 'Fire Coming out of the Monkey''s Head', 2017254397, 199, 'Rock', -1544683733, DATE '2005-05-23');

INSERT INTO Artist_Lists VALUES (-1038167105, -788427401, TRUE);

INSERT INTO Songs VALUES (-1038167105, 'Don''t Get Lost in Heaven', -1038167105, 131, 'Rock', -1544683733, DATE '2005-05-23');

INSERT INTO Artist_Lists VALUES (-1373293992, -788427401, TRUE);

INSERT INTO Songs VALUES (-1373293992, 'Demon Days', -1373293992, 268, 'Rock', -1544683733, DATE '2005-05-23');